"Status","Start Time","Stop Time","Duration in ms","Parent Suite","Suite","Sub Suite","Test Class","Test Method","Name","Description"
"passed","Wed Dec 16 00:39:04 CST 2020","Wed Dec 16 00:39:04 CST 2020","0","","test_calc","TestCalc","","","test_div[float]",""
"passed","Wed Dec 16 00:39:03 CST 2020","Wed Dec 16 00:39:03 CST 2020","0","","test_calc","TestCalc","","","test_add[fixture第一次-int]",""
"passed","Wed Dec 16 00:39:04 CST 2020","Wed Dec 16 00:39:04 CST 2020","0","","test_calc","TestCalc","","","test_div[bigint]",""
"broken","Wed Dec 16 00:39:04 CST 2020","Wed Dec 16 00:39:04 CST 2020","0","","test_calc","TestCalc","","","test_div[ERR=0]",""
"passed","Wed Dec 16 00:39:03 CST 2020","Wed Dec 16 00:39:03 CST 2020","0","","test_calc","TestCalc","","","test_add[fixture第一次-int and float]",""
"passed","Wed Dec 16 00:39:03 CST 2020","Wed Dec 16 00:39:03 CST 2020","0","","test_calc","TestCalc","","","test_sub[int]",""
"passed","Wed Dec 16 00:39:04 CST 2020","Wed Dec 16 00:39:04 CST 2020","0","","test_calc","TestCalc","","","test_mul[minus]",""
"passed","Wed Dec 16 00:39:04 CST 2020","Wed Dec 16 00:39:04 CST 2020","0","","test_calc","TestCalc","","","test_mul[int]",""
"passed","Wed Dec 16 00:39:03 CST 2020","Wed Dec 16 00:39:03 CST 2020","0","","test_calc","TestCalc","","","test_add[fixture第二次-bigint]",""
"passed","Wed Dec 16 00:39:04 CST 2020","Wed Dec 16 00:39:04 CST 2020","0","","test_calc","TestCalc","","","test_mul[bigint]",""
"passed","Wed Dec 16 00:39:03 CST 2020","Wed Dec 16 00:39:03 CST 2020","0","","test_calc","TestCalc","","","test_add[fixture第二次-int]",""
"passed","Wed Dec 16 00:39:03 CST 2020","Wed Dec 16 00:39:03 CST 2020","0","","test_calc","TestCalc","","","test_add[fixture第一次-minus]",""
"passed","Wed Dec 16 00:39:03 CST 2020","Wed Dec 16 00:39:03 CST 2020","0","","test_calc","TestCalc","","","test_add[fixture第二次-int and float]",""
"failed","Wed Dec 16 00:39:03 CST 2020","Wed Dec 16 00:39:03 CST 2020","1","","test_calc","TestCalc","","","test_sub[int and float]",""
"passed","Wed Dec 16 00:39:04 CST 2020","Wed Dec 16 00:39:04 CST 2020","0","","test_calc","TestCalc","","","test_div[minus]",""
"passed","Wed Dec 16 00:39:03 CST 2020","Wed Dec 16 00:39:03 CST 2020","0","","test_calc","TestCalc","","","test_sub[bigint]",""
"passed","Wed Dec 16 00:39:04 CST 2020","Wed Dec 16 00:39:04 CST 2020","1","","test_calc","TestCalc","","","test_div[int]",""
"passed","Wed Dec 16 00:39:03 CST 2020","Wed Dec 16 00:39:03 CST 2020","1","","test_calc","TestCalc","","","test_sub[minus]",""
"passed","Wed Dec 16 00:39:03 CST 2020","Wed Dec 16 00:39:03 CST 2020","0","","test_calc","TestCalc","","","test_add[fixture第一次-bigint]",""
"passed","Wed Dec 16 00:39:04 CST 2020","Wed Dec 16 00:39:04 CST 2020","0","","test_calc","TestCalc","","","test_mul[result=0]",""
"passed","Wed Dec 16 00:39:03 CST 2020","Wed Dec 16 00:39:03 CST 2020","0","","test_calc","TestCalc","","","test_add[fixture第二次-minus]",""
"failed","Wed Dec 16 00:39:04 CST 2020","Wed Dec 16 00:39:04 CST 2020","0","","test_calc","TestCalc","","","test_mul[int and float,need to round?]",""
